"pathway"	"DMSO"	"resveratrol"
"M1"	-1.43164534282274	1.42633993407305
"M2"	2.20297845226639	-2.19853801619356
"M3"	-2.36134688757383	2.37029153252671
"M4"	-1.39302732396126	1.38196592991871
