"pathway"	"DMSO"	"resveratrol"
"M1"	-0.269411988482157	0.269411988482157
"M2"	0.461854182819524	-0.461854182819524
"M3"	-0.520785889674209	0.520785889674209
"M4"	-0.358929268762683	0.358929268762683
