"pathway"	"DMSO"	"resveratrol"
"M1"	0.000274456148048762	0.000320947339160021
"M2"	1.27929406211512e-10	1.6250644183204e-10
"M3"	1.27929406211512e-10	1.6250644183204e-10
"M4"	0.0497037736790293	0.0543933054393305
